CDR3.beta,Epitope,Label,HLA
CASRPGLAGGRPEQYF,LLFGYAVYV,1,A*02:01
CASRPGLAGGRPEQYF,LLFGYPRYV,1,A*02:01
CASRPGLAGGRPEQYF,LLFGYPVAV,1,A*02:256
CASPGLAGEYEQYF,LPEPLPQGQLTAY,1,B*35:08
CASSYVGNTGELFF,SLLMWITQC,1,A*02:01
CASSQDRDTQYF,VMAPRTLIL,1,E*01:01
CASSYVGNTGELFF,SLLMWITQC,1,A*02:01
CASSYVGNTGELFF,SLLMWITQC,1,A*02:01
CASRPGLAGGRPEQYF,LLFGKPVYV,1,A*02:01
CASSYLGNTGELFF,SLLMWITQC,1,A*02:01
CASSYLGNTGELFF,SLLMWITQC,1,A*02:01
CASSYLGNTGELFF,SLLMWITQC,1,A*02:01
CASRPGLAGGRPEQYF,LLFGPFFPVYV,1,A*02
CASRPGLAGGRPEQYF,LLFGFFPVYV,1,A*02
CASRYRDDSYNEQFF,EENLLDFVRF,1,B*44:05
CASRPGLAGGRPEQYF,MLWGYLQYV,1,A*02:01
CASSLGQAYEQYF,EEYLKAWTF,1,B*44:05
CASSLGQAYEQYF,EEYLQAFTY,1,B*44:05
CASPGLAGEYEQYF,LPEPLPQGQLTAY,1,B*35:08
CASRPGLAGGRPEQYF,LGYGFVNYI,1,A*02:01
CASSLSFGTEAFF,AAGIGILTV,1,A*02:01
CAISEVGVGQPQHF,AAGIGILTV,1,A*02:01
CASRPGLAGGRPEQYF,LLFGFPVYV,1,A*02:01
CASSLWEKLAKNIQYF,ALWGPDPAAA,1,A*02:01
CASSLWEKLAKNIQYF,ALWGPDPAAA,1,A*02:01
CASSPTSGIYEQYF,RFPLTFGWCF,1,A*24:02
CASSSWDTGELFF,RYPLTLGWCF,1,A*24:02
CASSGASHEQYF,RFPLTFGWCF,1,A*24:02
CASSFLGTGVEQYF,ALGIGILTV,1,A*02:01
CAWSETGLGMGGWQF,ELAAIGILTV,1,A*02
CAWSETGLGMGGWQF,ELAGIGALTV,1,A*02
CAWSETGLGMGGWQF,ELAGIGILTV,1,A*02
CASPGETEAFF,LPEPLPQGQLTAY,1,B*35:08
CASSRTGSTYEQYF,LPEPLPQGQLTAY,1,B*35:08
CASSYQGTEAFF,ILAKFLHWL,1,A*02:01
CASSARSGELFF,HPVGDADYFEY,1,B*35:08
CASSARSGELFF,HPVGQADYFEY,1,B*35:42
CASSFNMATGQYF,EVDPIGHLY,1,A*01:01
CASSFNMATGQYF,ESDPIVAQY,1,A*01:01
CASSLWEKLAKNIQYF,YQFGPDFPIA,1,A*02:01
CASSLWEKLAKNIQYF,RQWGPDPAAV,1,A*02:01
CASSLWEKLAKNIQYF,YLGGPDFPTI,1,A*02:01
CASSLWEKLAKNIQYF,MVWGPDPLYV,1,A*02:01
CASSLWEKLAKNIQYF,RQFGPDFPTI,1,A*02:01
CASSLWEKLAKNIQYF,RQFGPDWIVA,1,A*02:01
CASSSRSSYEQYF,GILGLVFTL,1,A*02:266
CASSIRSSYEQYF,GILEFVFTL,1,A*02:01
CASSLWEKLAKNIQYF,AQWGPDPAAA,1,A*02:01
CASSYQGTEAFF,ILAKFLHWL,1,A*02:01
CASSDTVSYEQYF,SLYNTIATL,1,A*02:01
CASSDTVSYEQYF,SLFNTIAVL,1,A*02:01
CASRTRGGTLIEQYF,IPLTEEAEL,1,B*35:01
CASSLSFGTEAFF,SMLGIGIVPV,1,A*02:01
CASSLSFGTEAFF,MMWDRGLGMM,1,A*02:01
CASSQRQEGDTQYF,APRGPHGGAASGL,1,B*07:02
CASSGGHTGSNEQFF,APRGPHGGAASGL,1,B*07:02
CASSFRGGKTQYF,IPLTEEAEL,1,B*35:01
CASRTRGGTLIEQYF,IPLTEEAEL,1,B*35:01
CASRTRGGTLIEQYF,VPLTEDAEL,1,B*35:42
CASSWSFGTEAFF,AAGIGILTV,1,A*02:01
CAWSETGLGTGELFF,AAGIGILTV,1,A*02:01
CAWSETGLGMGGWQF,AAGIGILTV,1,A*02:01
CASSMSAMGTEAFF,FEDLRVLSF,1,B*37:01
CASRPGLAGGRPEQYF,GILGLVFTL,0,A*02:266
CASRPGLAGGRPEQYF,SLLMWITQC,0,A*02:01
CASRPGLAGGRPEQYF,RFPLTFGWCF,0,A*24:02
CASRPGLAGGRPEQYF,EENLLDFVRF,0,B*44:05
CASRPGLAGGRPEQYF,SMLGIGIVPV,0,A*02:01
CASRPGLAGGRPEQYF,ILAKFLHWL,0,A*02:01
CASRPGLAGGRPEQYF,AAGIGILTV,0,A*02:01
CASRPGLAGGRPEQYF,YLGGPDFPTI,0,A*02:01
CASRPGLAGGRPEQYF,RQWGPDPAAV,0,A*02:01
CASRPGLAGGRPEQYF,ELAAIGILTV,0,A*02
CASRPGLAGGRPEQYF,VMAPRTLIL,0,E*01:01
CASRPGLAGGRPEQYF,EEYLKAWTF,0,B*44:05
CASRPGLAGGRPEQYF,VPLTEDAEL,0,B*35:42
CASRPGLAGGRPEQYF,HPVGQADYFEY,0,B*35:42
CASRPGLAGGRPEQYF,SLFNTIAVL,0,A*02:01
CASRPGLAGGRPEQYF,AAGIGILTV,0,A*02:01
CASRPGLAGGRPEQYF,RFPLTFGWCF,0,A*24:02
CASRPGLAGGRPEQYF,SLYNTIATL,0,A*02:01
CASRPGLAGGRPEQYF,LPEPLPQGQLTAY,0,B*35:08
CASRPGLAGGRPEQYF,AQWGPDPAAA,0,A*02:01
CASRPGLAGGRPEQYF,RFPLTFGWCF,0,A*24:02
CASRPGLAGGRPEQYF,MMWDRGLGMM,0,A*02:01
CASRPGLAGGRPEQYF,SLLMWITQC,0,A*02:01
CASRPGLAGGRPEQYF,ELAAIGILTV,0,A*02
CASRPGLAGGRPEQYF,ELAGIGALTV,0,A*02
CASRPGLAGGRPEQYF,LPEPLPQGQLTAY,0,B*35:08
CASRPGLAGGRPEQYF,ILAKFLHWL,0,A*02:01
CASRPGLAGGRPEQYF,EEYLQAFTY,0,B*44:05
CASRPGLAGGRPEQYF,ESDPIVAQY,0,A*01:01
CASRPGLAGGRPEQYF,IPLTEEAEL,0,B*35:01
CASPGLAGEYEQYF,SLLMWITQC,0,A*02:01
CASPGLAGEYEQYF,MLWGYLQYV,0,A*02:01
CASPGLAGEYEQYF,LLFGFPVYV,0,A*02:01
CASPGLAGEYEQYF,ALWGPDPAAA,0,A*02:01
CASPGLAGEYEQYF,ELAAIGILTV,0,A*02
CASPGLAGEYEQYF,AAGIGILTV,0,A*02:01
CASPGLAGEYEQYF,RQWGPDPAAV,0,A*02:01
CASPGLAGEYEQYF,YLGGPDFPTI,0,A*02:01
CASPGLAGEYEQYF,LLFGYPRYV,0,A*02:01
CASPGLAGEYEQYF,HPVGDADYFEY,0,B*35:08
CASSYVGNTGELFF,LLFGFFPVYV,0,A*02
CASSYVGNTGELFF,APRGPHGGAASGL,0,B*07:02
CASSYVGNTGELFF,GILEFVFTL,0,A*02:01
CASSYVGNTGELFF,LLFGYAVYV,0,A*02:01
CASSYVGNTGELFF,AAGIGILTV,0,A*02:01
CASSYVGNTGELFF,LPEPLPQGQLTAY,0,B*35:08
CASSYVGNTGELFF,RQFGPDFPTI,0,A*02:01
CASSYVGNTGELFF,SLFNTIAVL,0,A*02:01
CASSYVGNTGELFF,EVDPIGHLY,0,A*01:01
CASSYVGNTGELFF,ILAKFLHWL,0,A*02:01
CASSQDRDTQYF,FEDLRVLSF,0,B*37:01
CASSQDRDTQYF,RQWGPDPAAV,0,A*02:01
CASSQDRDTQYF,SLYNTIATL,0,A*02:01
CASSQDRDTQYF,EEYLQAFTY,0,B*44:05
CASSQDRDTQYF,LPEPLPQGQLTAY,0,B*35:08
CASSQDRDTQYF,LLFGKPVYV,0,A*02:01
CASSQDRDTQYF,AAGIGILTV,0,A*02:01
CASSQDRDTQYF,HPVGDADYFEY,0,B*35:08
CASSQDRDTQYF,LLFGYPVAV,0,A*02:256
CASSQDRDTQYF,RQFGPDFPTI,0,A*02:01
CASSYVGNTGELFF,LPEPLPQGQLTAY,0,B*35:08
CASSYVGNTGELFF,MMWDRGLGMM,0,A*02:01
CASSYVGNTGELFF,MVWGPDPLYV,0,A*02:01
CASSYVGNTGELFF,ILAKFLHWL,0,A*02:01
CASSYVGNTGELFF,VMAPRTLIL,0,E*01:01
CASSYVGNTGELFF,SMLGIGIVPV,0,A*02:01
CASSYVGNTGELFF,AQWGPDPAAA,0,A*02:01
CASSYVGNTGELFF,LLFGPFFPVYV,0,A*02
CASSYVGNTGELFF,HPVGQADYFEY,0,B*35:42
CASSYVGNTGELFF,SLFNTIAVL,0,A*02:01
CASSYVGNTGELFF,ILAKFLHWL,0,A*02:01
CASSYVGNTGELFF,LGYGFVNYI,0,A*02:01
CASSYVGNTGELFF,EEYLQAFTY,0,B*44:05
CASSYVGNTGELFF,LLFGFPVYV,0,A*02:01
CASSYVGNTGELFF,EENLLDFVRF,0,B*44:05
CASSYVGNTGELFF,HPVGQADYFEY,0,B*35:42
CASSYVGNTGELFF,RYPLTLGWCF,0,A*24:02
CASSYVGNTGELFF,LPEPLPQGQLTAY,0,B*35:08
CASSYVGNTGELFF,IPLTEEAEL,0,B*35:01
CASSYVGNTGELFF,AAGIGILTV,0,A*02:01
CASRPGLAGGRPEQYF,HPVGDADYFEY,0,B*35:08
CASRPGLAGGRPEQYF,ELAGIGILTV,0,A*02
CASRPGLAGGRPEQYF,VPLTEDAEL,0,B*35:42
CASRPGLAGGRPEQYF,EVDPIGHLY,0,A*01:01
CASRPGLAGGRPEQYF,EEYLQAFTY,0,B*44:05
CASRPGLAGGRPEQYF,ALGIGILTV,0,A*02:01
CASRPGLAGGRPEQYF,LPEPLPQGQLTAY,0,B*35:08
CASRPGLAGGRPEQYF,APRGPHGGAASGL,0,B*07:02
CASRPGLAGGRPEQYF,HPVGQADYFEY,0,B*35:42
CASRPGLAGGRPEQYF,AAGIGILTV,0,A*02:01
CASSYLGNTGELFF,RFPLTFGWCF,0,A*24:02
CASSYLGNTGELFF,LLFGFPVYV,0,A*02:01
CASSYLGNTGELFF,AAGIGILTV,0,A*02:01
CASSYLGNTGELFF,GILGLVFTL,0,A*02:266
CASSYLGNTGELFF,LPEPLPQGQLTAY,0,B*35:08
CASSYLGNTGELFF,AQWGPDPAAA,0,A*02:01
CASSYLGNTGELFF,EENLLDFVRF,0,B*44:05
CASSYLGNTGELFF,ILAKFLHWL,0,A*02:01
CASSYLGNTGELFF,LLFGFFPVYV,0,A*02
CASSYLGNTGELFF,IPLTEEAEL,0,B*35:01
CASSYLGNTGELFF,LLFGFPVYV,0,A*02:01
CASSYLGNTGELFF,AAGIGILTV,0,A*02:01
CASSYLGNTGELFF,HPVGDADYFEY,0,B*35:08
CASSYLGNTGELFF,IPLTEEAEL,0,B*35:01
CASSYLGNTGELFF,ELAAIGILTV,0,A*02
CASSYLGNTGELFF,RFPLTFGWCF,0,A*24:02
CASSYLGNTGELFF,ESDPIVAQY,0,A*01:01
CASSYLGNTGELFF,APRGPHGGAASGL,0,B*07:02
CASSYLGNTGELFF,EEYLKAWTF,0,B*44:05
CASSYLGNTGELFF,LLFGPFFPVYV,0,A*02
CASSYLGNTGELFF,LLFGYPVAV,0,A*02:256
CASSYLGNTGELFF,APRGPHGGAASGL,0,B*07:02
CASSYLGNTGELFF,RQFGPDWIVA,0,A*02:01
CASSYLGNTGELFF,SLFNTIAVL,0,A*02:01
CASSYLGNTGELFF,LLFGYAVYV,0,A*02:01
CASSYLGNTGELFF,LLFGPFFPVYV,0,A*02
CASSYLGNTGELFF,LPEPLPQGQLTAY,0,B*35:08
CASSYLGNTGELFF,FEDLRVLSF,0,B*37:01
CASSYLGNTGELFF,EEYLKAWTF,0,B*44:05
CASSYLGNTGELFF,LLFGKPVYV,0,A*02:01
CASRPGLAGGRPEQYF,AAGIGILTV,0,A*02:01
CASRPGLAGGRPEQYF,SLLMWITQC,0,A*02:01
CASRPGLAGGRPEQYF,LPEPLPQGQLTAY,0,B*35:08
CASRPGLAGGRPEQYF,MVWGPDPLYV,0,A*02:01
CASRPGLAGGRPEQYF,RFPLTFGWCF,0,A*24:02
CASRPGLAGGRPEQYF,ELAAIGILTV,0,A*02
CASRPGLAGGRPEQYF,RQFGPDWIVA,0,A*02:01
CASRPGLAGGRPEQYF,ELAGIGILTV,0,A*02
CASRPGLAGGRPEQYF,ALWGPDPAAA,0,A*02:01
CASRPGLAGGRPEQYF,IPLTEEAEL,0,B*35:01
CASRPGLAGGRPEQYF,APRGPHGGAASGL,0,B*07:02
CASRPGLAGGRPEQYF,AAGIGILTV,0,A*02:01
CASRPGLAGGRPEQYF,RFPLTFGWCF,0,A*24:02
CASRPGLAGGRPEQYF,ELAGIGILTV,0,A*02
CASRPGLAGGRPEQYF,ALGIGILTV,0,A*02:01
CASRPGLAGGRPEQYF,LPEPLPQGQLTAY,0,B*35:08
CASRPGLAGGRPEQYF,EVDPIGHLY,0,A*01:01
CASRPGLAGGRPEQYF,MMWDRGLGMM,0,A*02:01
CASRPGLAGGRPEQYF,RQWGPDPAAV,0,A*02:01
CASRPGLAGGRPEQYF,RQFGPDFPTI,0,A*02:01
CASRYRDDSYNEQFF,ELAGIGALTV,0,A*02
CASRYRDDSYNEQFF,AAGIGILTV,0,A*02:01
CASRYRDDSYNEQFF,EEYLQAFTY,0,B*44:05
CASRYRDDSYNEQFF,ELAAIGILTV,0,A*02
CASRYRDDSYNEQFF,SLYNTIATL,0,A*02:01
CASRYRDDSYNEQFF,VPLTEDAEL,0,B*35:42
CASRYRDDSYNEQFF,YQFGPDFPIA,0,A*02:01
CASRYRDDSYNEQFF,LLFGFPVYV,0,A*02:01
CASRYRDDSYNEQFF,SMLGIGIVPV,0,A*02:01
CASRYRDDSYNEQFF,LLFGYPRYV,0,A*02:01
CASRPGLAGGRPEQYF,ALWGPDPAAA,0,A*02:01
CASRPGLAGGRPEQYF,LPEPLPQGQLTAY,0,B*35:08
CASRPGLAGGRPEQYF,SLLMWITQC,0,A*02:01
CASRPGLAGGRPEQYF,RQFGPDWIVA,0,A*02:01
CASRPGLAGGRPEQYF,EEYLKAWTF,0,B*44:05
CASRPGLAGGRPEQYF,VPLTEDAEL,0,B*35:42
CASRPGLAGGRPEQYF,AAGIGILTV,0,A*02:01
CASRPGLAGGRPEQYF,AQWGPDPAAA,0,A*02:01
CASRPGLAGGRPEQYF,HPVGQADYFEY,0,B*35:42
CASRPGLAGGRPEQYF,EENLLDFVRF,0,B*44:05
CASSLGQAYEQYF,MMWDRGLGMM,0,A*02:01
CASSLGQAYEQYF,AAGIGILTV,0,A*02:01
CASSLGQAYEQYF,ELAGIGALTV,0,A*02
CASSLGQAYEQYF,YLGGPDFPTI,0,A*02:01
CASSLGQAYEQYF,ESDPIVAQY,0,A*01:01
CASSLGQAYEQYF,RFPLTFGWCF,0,A*24:02
CASSLGQAYEQYF,GILGLVFTL,0,A*02:266
CASSLGQAYEQYF,LPEPLPQGQLTAY,0,B*35:08
CASSLGQAYEQYF,ALGIGILTV,0,A*02:01
CASSLGQAYEQYF,LLFGYPRYV,0,A*02:01
CASSLGQAYEQYF,SMLGIGIVPV,0,A*02:01
CASSLGQAYEQYF,LLFGFPVYV,0,A*02:01
CASSLGQAYEQYF,ESDPIVAQY,0,A*01:01
CASSLGQAYEQYF,RFPLTFGWCF,0,A*24:02
CASSLGQAYEQYF,AQWGPDPAAA,0,A*02:01
CASSLGQAYEQYF,APRGPHGGAASGL,0,B*07:02
CASSLGQAYEQYF,EENLLDFVRF,0,B*44:05
CASSLGQAYEQYF,LPEPLPQGQLTAY,0,B*35:08
CASSLGQAYEQYF,LLFGFFPVYV,0,A*02
CASSLGQAYEQYF,ALWGPDPAAA,0,A*02:01
CASPGLAGEYEQYF,LGYGFVNYI,0,A*02:01
CASPGLAGEYEQYF,IPLTEEAEL,0,B*35:01
CASPGLAGEYEQYF,AQWGPDPAAA,0,A*02:01
CASPGLAGEYEQYF,AAGIGILTV,0,A*02:01
CASPGLAGEYEQYF,RQWGPDPAAV,0,A*02:01
CASPGLAGEYEQYF,MMWDRGLGMM,0,A*02:01
CASPGLAGEYEQYF,SLLMWITQC,0,A*02:01
CASPGLAGEYEQYF,LLFGKPVYV,0,A*02:01
CASPGLAGEYEQYF,YLGGPDFPTI,0,A*02:01
CASPGLAGEYEQYF,SMLGIGIVPV,0,A*02:01
CASRPGLAGGRPEQYF,IPLTEEAEL,0,B*35:01
CASRPGLAGGRPEQYF,RQWGPDPAAV,0,A*02:01
CASRPGLAGGRPEQYF,SLLMWITQC,0,A*02:01
CASRPGLAGGRPEQYF,ALWGPDPAAA,0,A*02:01
CASRPGLAGGRPEQYF,RYPLTLGWCF,0,A*24:02
CASRPGLAGGRPEQYF,ESDPIVAQY,0,A*01:01
CASRPGLAGGRPEQYF,VPLTEDAEL,0,B*35:42
CASRPGLAGGRPEQYF,AAGIGILTV,0,A*02:01
CASRPGLAGGRPEQYF,GILGLVFTL,0,A*02:266
CASRPGLAGGRPEQYF,HPVGDADYFEY,0,B*35:08
CASSLSFGTEAFF,IPLTEEAEL,0,B*35:01
CASSLSFGTEAFF,RYPLTLGWCF,0,A*24:02
CASSLSFGTEAFF,RQFGPDWIVA,0,A*02:01
CASSLSFGTEAFF,VPLTEDAEL,0,B*35:42
CASSLSFGTEAFF,ILAKFLHWL,0,A*02:01
CASSLSFGTEAFF,SLLMWITQC,0,A*02:01
CASSLSFGTEAFF,ELAAIGILTV,0,A*02
CASSLSFGTEAFF,ALGIGILTV,0,A*02:01
CASSLSFGTEAFF,LLFGFFPVYV,0,A*02
CASSLSFGTEAFF,ELAGIGALTV,0,A*02
CAISEVGVGQPQHF,ELAAIGILTV,0,A*02
CAISEVGVGQPQHF,ILAKFLHWL,0,A*02:01
CAISEVGVGQPQHF,SLLMWITQC,0,A*02:01
CAISEVGVGQPQHF,EEYLKAWTF,0,B*44:05
CAISEVGVGQPQHF,LLFGPFFPVYV,0,A*02
CAISEVGVGQPQHF,EENLLDFVRF,0,B*44:05
CAISEVGVGQPQHF,LPEPLPQGQLTAY,0,B*35:08
CAISEVGVGQPQHF,SLFNTIAVL,0,A*02:01
CAISEVGVGQPQHF,RQFGPDFPTI,0,A*02:01
CAISEVGVGQPQHF,LLFGYPRYV,0,A*02:01
CASRPGLAGGRPEQYF,APRGPHGGAASGL,0,B*07:02
CASRPGLAGGRPEQYF,RQFGPDFPTI,0,A*02:01
CASRPGLAGGRPEQYF,LPEPLPQGQLTAY,0,B*35:08
CASRPGLAGGRPEQYF,YLGGPDFPTI,0,A*02:01
CASRPGLAGGRPEQYF,EENLLDFVRF,0,B*44:05
CASRPGLAGGRPEQYF,ILAKFLHWL,0,A*02:01
CASRPGLAGGRPEQYF,SLLMWITQC,0,A*02:01
CASRPGLAGGRPEQYF,GILGLVFTL,0,A*02:266
CASRPGLAGGRPEQYF,AQWGPDPAAA,0,A*02:01
CASRPGLAGGRPEQYF,VPLTEDAEL,0,B*35:42
CASSLWEKLAKNIQYF,ALGIGILTV,0,A*02:01
CASSLWEKLAKNIQYF,LPEPLPQGQLTAY,0,B*35:08
CASSLWEKLAKNIQYF,IPLTEEAEL,0,B*35:01
CASSLWEKLAKNIQYF,LGYGFVNYI,0,A*02:01
CASSLWEKLAKNIQYF,HPVGDADYFEY,0,B*35:08
CASSLWEKLAKNIQYF,AAGIGILTV,0,A*02:01
CASSLWEKLAKNIQYF,SMLGIGIVPV,0,A*02:01
CASSLWEKLAKNIQYF,LLFGFFPVYV,0,A*02
CASSLWEKLAKNIQYF,ELAAIGILTV,0,A*02
CASSLWEKLAKNIQYF,APRGPHGGAASGL,0,B*07:02
CASSLWEKLAKNIQYF,IPLTEEAEL,0,B*35:01
CASSLWEKLAKNIQYF,ELAGIGILTV,0,A*02
CASSLWEKLAKNIQYF,VMAPRTLIL,0,E*01:01
CASSLWEKLAKNIQYF,AAGIGILTV,0,A*02:01
CASSLWEKLAKNIQYF,LPEPLPQGQLTAY,0,B*35:08
CASSLWEKLAKNIQYF,SLLMWITQC,0,A*02:01
CASSLWEKLAKNIQYF,MMWDRGLGMM,0,A*02:01
CASSLWEKLAKNIQYF,GILGLVFTL,0,A*02:266
CASSLWEKLAKNIQYF,SLFNTIAVL,0,A*02:01
CASSLWEKLAKNIQYF,GILEFVFTL,0,A*02:01
CASSPTSGIYEQYF,LGYGFVNYI,0,A*02:01
CASSPTSGIYEQYF,AAGIGILTV,0,A*02:01
CASSPTSGIYEQYF,LPEPLPQGQLTAY,0,B*35:08
CASSPTSGIYEQYF,SLFNTIAVL,0,A*02:01
CASSPTSGIYEQYF,LLFGFPVYV,0,A*02:01
CASSPTSGIYEQYF,EENLLDFVRF,0,B*44:05
CASSPTSGIYEQYF,APRGPHGGAASGL,0,B*07:02
CASSPTSGIYEQYF,LLFGPFFPVYV,0,A*02
CASSPTSGIYEQYF,IPLTEEAEL,0,B*35:01
CASSPTSGIYEQYF,SLYNTIATL,0,A*02:01
CASSSWDTGELFF,APRGPHGGAASGL,0,B*07:02
CASSSWDTGELFF,SLLMWITQC,0,A*02:01
CASSSWDTGELFF,AAGIGILTV,0,A*02:01
CASSSWDTGELFF,AQWGPDPAAA,0,A*02:01
CASSSWDTGELFF,RQFGPDWIVA,0,A*02:01
CASSSWDTGELFF,ELAGIGALTV,0,A*02
CASSSWDTGELFF,EVDPIGHLY,0,A*01:01
CASSSWDTGELFF,IPLTEEAEL,0,B*35:01
CASSSWDTGELFF,LPEPLPQGQLTAY,0,B*35:08
CASSSWDTGELFF,GILEFVFTL,0,A*02:01
CASSGASHEQYF,SMLGIGIVPV,0,A*02:01
CASSGASHEQYF,LLFGKPVYV,0,A*02:01
CASSGASHEQYF,ALWGPDPAAA,0,A*02:01
CASSGASHEQYF,RQFGPDFPTI,0,A*02:01
CASSGASHEQYF,SLLMWITQC,0,A*02:01
CASSGASHEQYF,ELAGIGILTV,0,A*02
CASSGASHEQYF,IPLTEEAEL,0,B*35:01
CASSGASHEQYF,ELAAIGILTV,0,A*02
CASSGASHEQYF,RQWGPDPAAV,0,A*02:01
CASSGASHEQYF,ILAKFLHWL,0,A*02:01
CASSFLGTGVEQYF,SLLMWITQC,0,A*02:01
CASSFLGTGVEQYF,RQFGPDFPTI,0,A*02:01
CASSFLGTGVEQYF,AAGIGILTV,0,A*02:01
CASSFLGTGVEQYF,LPEPLPQGQLTAY,0,B*35:08
CASSFLGTGVEQYF,ESDPIVAQY,0,A*01:01
CASSFLGTGVEQYF,EENLLDFVRF,0,B*44:05
CASSFLGTGVEQYF,HPVGDADYFEY,0,B*35:08
CASSFLGTGVEQYF,GILEFVFTL,0,A*02:01
CASSFLGTGVEQYF,LLFGYPVAV,0,A*02:256
CASSFLGTGVEQYF,ILAKFLHWL,0,A*02:01
CAWSETGLGMGGWQF,ILAKFLHWL,0,A*02:01
CAWSETGLGMGGWQF,LPEPLPQGQLTAY,0,B*35:08
CAWSETGLGMGGWQF,FEDLRVLSF,0,B*37:01
CAWSETGLGMGGWQF,ALGIGILTV,0,A*02:01
CAWSETGLGMGGWQF,SLLMWITQC,0,A*02:01
CAWSETGLGMGGWQF,SLFNTIAVL,0,A*02:01
CAWSETGLGMGGWQF,RQWGPDPAAV,0,A*02:01
CAWSETGLGMGGWQF,RQFGPDWIVA,0,A*02:01
CAWSETGLGMGGWQF,IPLTEEAEL,0,B*35:01
CAWSETGLGMGGWQF,LLFGFFPVYV,0,A*02
CAWSETGLGMGGWQF,MLWGYLQYV,0,A*02:01
CAWSETGLGMGGWQF,LPEPLPQGQLTAY,0,B*35:08
CAWSETGLGMGGWQF,MVWGPDPLYV,0,A*02:01
CAWSETGLGMGGWQF,EVDPIGHLY,0,A*01:01
CAWSETGLGMGGWQF,RFPLTFGWCF,0,A*24:02
CAWSETGLGMGGWQF,EENLLDFVRF,0,B*44:05
CAWSETGLGMGGWQF,YQFGPDFPIA,0,A*02:01
CAWSETGLGMGGWQF,SLLMWITQC,0,A*02:01
CAWSETGLGMGGWQF,RQWGPDPAAV,0,A*02:01
CAWSETGLGMGGWQF,RYPLTLGWCF,0,A*24:02
CAWSETGLGMGGWQF,SLLMWITQC,0,A*02:01
CAWSETGLGMGGWQF,LPEPLPQGQLTAY,0,B*35:08
CAWSETGLGMGGWQF,SLFNTIAVL,0,A*02:01
CAWSETGLGMGGWQF,RFPLTFGWCF,0,A*24:02
CAWSETGLGMGGWQF,HPVGQADYFEY,0,B*35:42
CAWSETGLGMGGWQF,GILEFVFTL,0,A*02:01
CAWSETGLGMGGWQF,IPLTEEAEL,0,B*35:01
CAWSETGLGMGGWQF,MVWGPDPLYV,0,A*02:01
CAWSETGLGMGGWQF,LLFGKPVYV,0,A*02:01
CAWSETGLGMGGWQF,LLFGYPRYV,0,A*02:01
CASPGETEAFF,HPVGQADYFEY,0,B*35:42
CASPGETEAFF,LLFGFFPVYV,0,A*02
CASPGETEAFF,LLFGYPVAV,0,A*02:256
CASPGETEAFF,GILGLVFTL,0,A*02:266
CASPGETEAFF,APRGPHGGAASGL,0,B*07:02
CASPGETEAFF,SLLMWITQC,0,A*02:01
CASPGETEAFF,LLFGFPVYV,0,A*02:01
CASPGETEAFF,SLYNTIATL,0,A*02:01
CASPGETEAFF,FEDLRVLSF,0,B*37:01
CASPGETEAFF,RYPLTLGWCF,0,A*24:02
CASSRTGSTYEQYF,IPLTEEAEL,0,B*35:01
CASSRTGSTYEQYF,RFPLTFGWCF,0,A*24:02
CASSRTGSTYEQYF,SLLMWITQC,0,A*02:01
CASSRTGSTYEQYF,EEYLQAFTY,0,B*44:05
CASSRTGSTYEQYF,ESDPIVAQY,0,A*01:01
CASSRTGSTYEQYF,ALWGPDPAAA,0,A*02:01
CASSRTGSTYEQYF,SLFNTIAVL,0,A*02:01
CASSRTGSTYEQYF,LGYGFVNYI,0,A*02:01
CASSRTGSTYEQYF,HPVGQADYFEY,0,B*35:42
CASSRTGSTYEQYF,YLGGPDFPTI,0,A*02:01
CASSYQGTEAFF,FEDLRVLSF,0,B*37:01
CASSYQGTEAFF,SLLMWITQC,0,A*02:01
CASSYQGTEAFF,ALWGPDPAAA,0,A*02:01
CASSYQGTEAFF,AAGIGILTV,0,A*02:01
CASSYQGTEAFF,RFPLTFGWCF,0,A*24:02
CASSYQGTEAFF,RQFGPDWIVA,0,A*02:01
CASSYQGTEAFF,RQWGPDPAAV,0,A*02:01
CASSYQGTEAFF,EEYLQAFTY,0,B*44:05
CASSYQGTEAFF,LPEPLPQGQLTAY,0,B*35:08
CASSYQGTEAFF,LLFGFPVYV,0,A*02:01
CASSARSGELFF,VPLTEDAEL,0,B*35:42
CASSARSGELFF,YLGGPDFPTI,0,A*02:01
CASSARSGELFF,AAGIGILTV,0,A*02:01
CASSARSGELFF,ELAGIGILTV,0,A*02
CASSARSGELFF,LLFGFPVYV,0,A*02:01
CASSARSGELFF,SMLGIGIVPV,0,A*02:01
CASSARSGELFF,GILEFVFTL,0,A*02:01
CASSARSGELFF,IPLTEEAEL,0,B*35:01
CASSARSGELFF,SLLMWITQC,0,A*02:01
CASSARSGELFF,APRGPHGGAASGL,0,B*07:02
CASSARSGELFF,RFPLTFGWCF,0,A*24:02
CASSARSGELFF,SLYNTIATL,0,A*02:01
CASSARSGELFF,LLFGYPVAV,0,A*02:256
CASSARSGELFF,ELAGIGILTV,0,A*02
CASSARSGELFF,MVWGPDPLYV,0,A*02:01
CASSARSGELFF,MLWGYLQYV,0,A*02:01
CASSARSGELFF,SLLMWITQC,0,A*02:01
CASSARSGELFF,ALWGPDPAAA,0,A*02:01
CASSARSGELFF,RYPLTLGWCF,0,A*24:02
CASSARSGELFF,AQWGPDPAAA,0,A*02:01
CASSFNMATGQYF,YLGGPDFPTI,0,A*02:01
CASSFNMATGQYF,SLLMWITQC,0,A*02:01
CASSFNMATGQYF,LPEPLPQGQLTAY,0,B*35:08
CASSFNMATGQYF,ALWGPDPAAA,0,A*02:01
CASSFNMATGQYF,RFPLTFGWCF,0,A*24:02
CASSFNMATGQYF,ILAKFLHWL,0,A*02:01
CASSFNMATGQYF,LGYGFVNYI,0,A*02:01
CASSFNMATGQYF,EENLLDFVRF,0,B*44:05
CASSFNMATGQYF,GILEFVFTL,0,A*02:01
CASSFNMATGQYF,EEYLKAWTF,0,B*44:05
CASSFNMATGQYF,YQFGPDFPIA,0,A*02:01
CASSFNMATGQYF,MMWDRGLGMM,0,A*02:01
CASSFNMATGQYF,SLLMWITQC,0,A*02:01
CASSFNMATGQYF,LGYGFVNYI,0,A*02:01
CASSFNMATGQYF,MLWGYLQYV,0,A*02:01
CASSFNMATGQYF,AAGIGILTV,0,A*02:01
CASSFNMATGQYF,RFPLTFGWCF,0,A*24:02
CASSFNMATGQYF,ILAKFLHWL,0,A*02:01
CASSFNMATGQYF,ELAAIGILTV,0,A*02
CASSFNMATGQYF,LLFGPFFPVYV,0,A*02
CASSLWEKLAKNIQYF,ESDPIVAQY,0,A*01:01
CASSLWEKLAKNIQYF,APRGPHGGAASGL,0,B*07:02
CASSLWEKLAKNIQYF,ELAGIGILTV,0,A*02
CASSLWEKLAKNIQYF,IPLTEEAEL,0,B*35:01
CASSLWEKLAKNIQYF,RYPLTLGWCF,0,A*24:02
CASSLWEKLAKNIQYF,AAGIGILTV,0,A*02:01
CASSLWEKLAKNIQYF,EENLLDFVRF,0,B*44:05
CASSLWEKLAKNIQYF,RFPLTFGWCF,0,A*24:02
CASSLWEKLAKNIQYF,LLFGFFPVYV,0,A*02
CASSLWEKLAKNIQYF,SLLMWITQC,0,A*02:01
CASSLWEKLAKNIQYF,APRGPHGGAASGL,0,B*07:02
CASSLWEKLAKNIQYF,ESDPIVAQY,0,A*01:01
CASSLWEKLAKNIQYF,LLFGYAVYV,0,A*02:01
CASSLWEKLAKNIQYF,LLFGKPVYV,0,A*02:01
CASSLWEKLAKNIQYF,ELAGIGILTV,0,A*02
CASSLWEKLAKNIQYF,LLFGYPRYV,0,A*02:01
CASSLWEKLAKNIQYF,MMWDRGLGMM,0,A*02:01
CASSLWEKLAKNIQYF,LLFGFFPVYV,0,A*02
CASSLWEKLAKNIQYF,SMLGIGIVPV,0,A*02:01
CASSLWEKLAKNIQYF,EVDPIGHLY,0,A*01:01
CASSLWEKLAKNIQYF,HPVGQADYFEY,0,B*35:42
CASSLWEKLAKNIQYF,LGYGFVNYI,0,A*02:01
CASSLWEKLAKNIQYF,IPLTEEAEL,0,B*35:01
CASSLWEKLAKNIQYF,AAGIGILTV,0,A*02:01
CASSLWEKLAKNIQYF,LLFGYPRYV,0,A*02:01
CASSLWEKLAKNIQYF,HPVGDADYFEY,0,B*35:08
CASSLWEKLAKNIQYF,VPLTEDAEL,0,B*35:42
CASSLWEKLAKNIQYF,RFPLTFGWCF,0,A*24:02
CASSLWEKLAKNIQYF,ELAGIGALTV,0,A*02
CASSLWEKLAKNIQYF,LLFGYAVYV,0,A*02:01
CASSLWEKLAKNIQYF,ELAAIGILTV,0,A*02
CASSLWEKLAKNIQYF,SLLMWITQC,0,A*02:01
CASSLWEKLAKNIQYF,MMWDRGLGMM,0,A*02:01
CASSLWEKLAKNIQYF,VMAPRTLIL,0,E*01:01
CASSLWEKLAKNIQYF,VPLTEDAEL,0,B*35:42
CASSLWEKLAKNIQYF,ILAKFLHWL,0,A*02:01
CASSLWEKLAKNIQYF,GILGLVFTL,0,A*02:266
CASSLWEKLAKNIQYF,LPEPLPQGQLTAY,0,B*35:08
CASSLWEKLAKNIQYF,ELAGIGALTV,0,A*02
CASSLWEKLAKNIQYF,AAGIGILTV,0,A*02:01
CASSLWEKLAKNIQYF,SLLMWITQC,0,A*02:01
CASSLWEKLAKNIQYF,IPLTEEAEL,0,B*35:01
CASSLWEKLAKNIQYF,MMWDRGLGMM,0,A*02:01
CASSLWEKLAKNIQYF,FEDLRVLSF,0,B*37:01
CASSLWEKLAKNIQYF,RFPLTFGWCF,0,A*24:02
CASSLWEKLAKNIQYF,ESDPIVAQY,0,A*01:01
CASSLWEKLAKNIQYF,ALGIGILTV,0,A*02:01
CASSLWEKLAKNIQYF,AAGIGILTV,0,A*02:01
CASSLWEKLAKNIQYF,SLFNTIAVL,0,A*02:01
CASSLWEKLAKNIQYF,LLFGKPVYV,0,A*02:01
CASSLWEKLAKNIQYF,APRGPHGGAASGL,0,B*07:02
CASSLWEKLAKNIQYF,RFPLTFGWCF,0,A*24:02
CASSLWEKLAKNIQYF,LLFGYPRYV,0,A*02:01
CASSLWEKLAKNIQYF,AAGIGILTV,0,A*02:01
CASSLWEKLAKNIQYF,LPEPLPQGQLTAY,0,B*35:08
CASSLWEKLAKNIQYF,ILAKFLHWL,0,A*02:01
CASSLWEKLAKNIQYF,HPVGDADYFEY,0,B*35:08
CASSLWEKLAKNIQYF,LLFGPFFPVYV,0,A*02
CASSLWEKLAKNIQYF,LLFGKPVYV,0,A*02:01
CASSLWEKLAKNIQYF,VPLTEDAEL,0,B*35:42
CASSSRSSYEQYF,RFPLTFGWCF,0,A*24:02
CASSSRSSYEQYF,EEYLQAFTY,0,B*44:05
CASSSRSSYEQYF,LPEPLPQGQLTAY,0,B*35:08
CASSSRSSYEQYF,ILAKFLHWL,0,A*02:01
CASSSRSSYEQYF,LLFGYPVAV,0,A*02:256
CASSSRSSYEQYF,ELAGIGILTV,0,A*02
CASSSRSSYEQYF,APRGPHGGAASGL,0,B*07:02
CASSSRSSYEQYF,AAGIGILTV,0,A*02:01
CASSSRSSYEQYF,MVWGPDPLYV,0,A*02:01
CASSSRSSYEQYF,LLFGFFPVYV,0,A*02
CASSIRSSYEQYF,IPLTEEAEL,0,B*35:01
CASSIRSSYEQYF,LPEPLPQGQLTAY,0,B*35:08
CASSIRSSYEQYF,VMAPRTLIL,0,E*01:01
CASSIRSSYEQYF,RQWGPDPAAV,0,A*02:01
CASSIRSSYEQYF,ALWGPDPAAA,0,A*02:01
CASSIRSSYEQYF,LLFGKPVYV,0,A*02:01
CASSIRSSYEQYF,YLGGPDFPTI,0,A*02:01
CASSIRSSYEQYF,LLFGYPRYV,0,A*02:01
CASSIRSSYEQYF,RQFGPDFPTI,0,A*02:01
CASSIRSSYEQYF,ELAGIGALTV,0,A*02
CASSLWEKLAKNIQYF,ELAGIGILTV,0,A*02
CASSLWEKLAKNIQYF,EEYLQAFTY,0,B*44:05
CASSLWEKLAKNIQYF,LPEPLPQGQLTAY,0,B*35:08
CASSLWEKLAKNIQYF,LLFGKPVYV,0,A*02:01
CASSLWEKLAKNIQYF,APRGPHGGAASGL,0,B*07:02
CASSLWEKLAKNIQYF,HPVGDADYFEY,0,B*35:08
CASSLWEKLAKNIQYF,EENLLDFVRF,0,B*44:05
CASSLWEKLAKNIQYF,SLYNTIATL,0,A*02:01
CASSLWEKLAKNIQYF,SLLMWITQC,0,A*02:01
CASSLWEKLAKNIQYF,LLFGYPVAV,0,A*02:256
CASSYQGTEAFF,RQFGPDFPTI,0,A*02:01
CASSYQGTEAFF,IPLTEEAEL,0,B*35:01
CASSYQGTEAFF,MMWDRGLGMM,0,A*02:01
CASSYQGTEAFF,RYPLTLGWCF,0,A*24:02
CASSYQGTEAFF,LGYGFVNYI,0,A*02:01
CASSYQGTEAFF,SLLMWITQC,0,A*02:01
CASSYQGTEAFF,RQFGPDWIVA,0,A*02:01
CASSYQGTEAFF,SLYNTIATL,0,A*02:01
CASSYQGTEAFF,EEYLQAFTY,0,B*44:05
CASSYQGTEAFF,AAGIGILTV,0,A*02:01
CASSDTVSYEQYF,IPLTEEAEL,0,B*35:01
CASSDTVSYEQYF,LLFGFPVYV,0,A*02:01
CASSDTVSYEQYF,LLFGKPVYV,0,A*02:01
CASSDTVSYEQYF,ESDPIVAQY,0,A*01:01
CASSDTVSYEQYF,LLFGFFPVYV,0,A*02
CASSDTVSYEQYF,MVWGPDPLYV,0,A*02:01
CASSDTVSYEQYF,AAGIGILTV,0,A*02:01
CASSDTVSYEQYF,EEYLKAWTF,0,B*44:05
CASSDTVSYEQYF,YQFGPDFPIA,0,A*02:01
CASSDTVSYEQYF,VPLTEDAEL,0,B*35:42
CASSDTVSYEQYF,LPEPLPQGQLTAY,0,B*35:08
CASSDTVSYEQYF,EEYLKAWTF,0,B*44:05
CASSDTVSYEQYF,LLFGKPVYV,0,A*02:01
CASSDTVSYEQYF,MMWDRGLGMM,0,A*02:01
CASSDTVSYEQYF,ELAAIGILTV,0,A*02
CASSDTVSYEQYF,ELAGIGALTV,0,A*02
CASSDTVSYEQYF,RFPLTFGWCF,0,A*24:02
CASSDTVSYEQYF,AAGIGILTV,0,A*02:01
CASSDTVSYEQYF,APRGPHGGAASGL,0,B*07:02
CASSDTVSYEQYF,EEYLQAFTY,0,B*44:05
CASRTRGGTLIEQYF,AAGIGILTV,0,A*02:01
CASRTRGGTLIEQYF,YLGGPDFPTI,0,A*02:01
CASRTRGGTLIEQYF,RQFGPDWIVA,0,A*02:01
CASRTRGGTLIEQYF,LPEPLPQGQLTAY,0,B*35:08
CASRTRGGTLIEQYF,SLLMWITQC,0,A*02:01
CASRTRGGTLIEQYF,GILEFVFTL,0,A*02:01
CASRTRGGTLIEQYF,FEDLRVLSF,0,B*37:01
CASRTRGGTLIEQYF,YQFGPDFPIA,0,A*02:01
CASRTRGGTLIEQYF,ILAKFLHWL,0,A*02:01
CASRTRGGTLIEQYF,APRGPHGGAASGL,0,B*07:02
CASSLSFGTEAFF,RQFGPDFPTI,0,A*02:01
CASSLSFGTEAFF,LPEPLPQGQLTAY,0,B*35:08
CASSLSFGTEAFF,HPVGDADYFEY,0,B*35:08
CASSLSFGTEAFF,APRGPHGGAASGL,0,B*07:02
CASSLSFGTEAFF,GILEFVFTL,0,A*02:01
CASSLSFGTEAFF,LLFGPFFPVYV,0,A*02
CASSLSFGTEAFF,EEYLQAFTY,0,B*44:05
CASSLSFGTEAFF,AQWGPDPAAA,0,A*02:01
CASSLSFGTEAFF,SLYNTIATL,0,A*02:01
CASSLSFGTEAFF,ILAKFLHWL,0,A*02:01
CASSLSFGTEAFF,ILAKFLHWL,0,A*02:01
CASSLSFGTEAFF,EENLLDFVRF,0,B*44:05
CASSLSFGTEAFF,YQFGPDFPIA,0,A*02:01
CASSLSFGTEAFF,LLFGYPVAV,0,A*02:256
CASSLSFGTEAFF,YLGGPDFPTI,0,A*02:01
CASSLSFGTEAFF,LPEPLPQGQLTAY,0,B*35:08
CASSLSFGTEAFF,LGYGFVNYI,0,A*02:01
CASSLSFGTEAFF,ELAGIGALTV,0,A*02
CASSLSFGTEAFF,ESDPIVAQY,0,A*01:01
CASSLSFGTEAFF,EEYLKAWTF,0,B*44:05
CASSQRQEGDTQYF,FEDLRVLSF,0,B*37:01
CASSQRQEGDTQYF,RFPLTFGWCF,0,A*24:02
CASSQRQEGDTQYF,LPEPLPQGQLTAY,0,B*35:08
CASSQRQEGDTQYF,AAGIGILTV,0,A*02:01
CASSQRQEGDTQYF,LLFGKPVYV,0,A*02:01
CASSQRQEGDTQYF,ILAKFLHWL,0,A*02:01
CASSQRQEGDTQYF,LLFGPFFPVYV,0,A*02
CASSQRQEGDTQYF,IPLTEEAEL,0,B*35:01
CASSQRQEGDTQYF,SLFNTIAVL,0,A*02:01
CASSQRQEGDTQYF,EENLLDFVRF,0,B*44:05
CASSGGHTGSNEQFF,EENLLDFVRF,0,B*44:05
CASSGGHTGSNEQFF,SMLGIGIVPV,0,A*02:01
CASSGGHTGSNEQFF,IPLTEEAEL,0,B*35:01
CASSGGHTGSNEQFF,ALGIGILTV,0,A*02:01
CASSGGHTGSNEQFF,VPLTEDAEL,0,B*35:42
CASSGGHTGSNEQFF,HPVGDADYFEY,0,B*35:08
CASSGGHTGSNEQFF,ELAAIGILTV,0,A*02
CASSGGHTGSNEQFF,RQFGPDFPTI,0,A*02:01
CASSGGHTGSNEQFF,SLYNTIATL,0,A*02:01
CASSGGHTGSNEQFF,SLLMWITQC,0,A*02:01
CASSFRGGKTQYF,SLLMWITQC,0,A*02:01
CASSFRGGKTQYF,AQWGPDPAAA,0,A*02:01
CASSFRGGKTQYF,SLFNTIAVL,0,A*02:01
CASSFRGGKTQYF,EEYLKAWTF,0,B*44:05
CASSFRGGKTQYF,EVDPIGHLY,0,A*01:01
CASSFRGGKTQYF,LPEPLPQGQLTAY,0,B*35:08
CASSFRGGKTQYF,APRGPHGGAASGL,0,B*07:02
CASSFRGGKTQYF,AAGIGILTV,0,A*02:01
CASSFRGGKTQYF,LLFGYAVYV,0,A*02:01
CASSFRGGKTQYF,ILAKFLHWL,0,A*02:01
CASRTRGGTLIEQYF,AQWGPDPAAA,0,A*02:01
CASRTRGGTLIEQYF,SLLMWITQC,0,A*02:01
CASRTRGGTLIEQYF,FEDLRVLSF,0,B*37:01
CASRTRGGTLIEQYF,LPEPLPQGQLTAY,0,B*35:08
CASRTRGGTLIEQYF,RQFGPDWIVA,0,A*02:01
CASRTRGGTLIEQYF,RFPLTFGWCF,0,A*24:02
CASRTRGGTLIEQYF,GILEFVFTL,0,A*02:01
CASRTRGGTLIEQYF,LLFGYAVYV,0,A*02:01
CASRTRGGTLIEQYF,AAGIGILTV,0,A*02:01
CASRTRGGTLIEQYF,RQFGPDFPTI,0,A*02:01
CASRTRGGTLIEQYF,SLLMWITQC,0,A*02:01
CASRTRGGTLIEQYF,LLFGKPVYV,0,A*02:01
CASRTRGGTLIEQYF,ILAKFLHWL,0,A*02:01
CASRTRGGTLIEQYF,ESDPIVAQY,0,A*01:01
CASRTRGGTLIEQYF,APRGPHGGAASGL,0,B*07:02
CASRTRGGTLIEQYF,LLFGYAVYV,0,A*02:01
CASRTRGGTLIEQYF,LLFGPFFPVYV,0,A*02
CASRTRGGTLIEQYF,EVDPIGHLY,0,A*01:01
CASRTRGGTLIEQYF,AAGIGILTV,0,A*02:01
CASRTRGGTLIEQYF,LPEPLPQGQLTAY,0,B*35:08
CASSWSFGTEAFF,HPVGQADYFEY,0,B*35:42
CASSWSFGTEAFF,SLLMWITQC,0,A*02:01
CASSWSFGTEAFF,ELAGIGALTV,0,A*02
CASSWSFGTEAFF,LLFGPFFPVYV,0,A*02
CASSWSFGTEAFF,RYPLTLGWCF,0,A*24:02
CASSWSFGTEAFF,HPVGDADYFEY,0,B*35:08
CASSWSFGTEAFF,MVWGPDPLYV,0,A*02:01
CASSWSFGTEAFF,ALGIGILTV,0,A*02:01
CASSWSFGTEAFF,LLFGFPVYV,0,A*02:01
CASSWSFGTEAFF,RQWGPDPAAV,0,A*02:01
CAWSETGLGTGELFF,ILAKFLHWL,0,A*02:01
CAWSETGLGTGELFF,ELAAIGILTV,0,A*02
CAWSETGLGTGELFF,SLLMWITQC,0,A*02:01
CAWSETGLGTGELFF,LPEPLPQGQLTAY,0,B*35:08
CAWSETGLGTGELFF,ELAGIGILTV,0,A*02
CAWSETGLGTGELFF,ALGIGILTV,0,A*02:01
CAWSETGLGTGELFF,IPLTEEAEL,0,B*35:01
CAWSETGLGTGELFF,FEDLRVLSF,0,B*37:01
CAWSETGLGTGELFF,SMLGIGIVPV,0,A*02:01
CAWSETGLGTGELFF,ESDPIVAQY,0,A*01:01
CAWSETGLGMGGWQF,RFPLTFGWCF,0,A*24:02
CAWSETGLGMGGWQF,LLFGFFPVYV,0,A*02
CAWSETGLGMGGWQF,SMLGIGIVPV,0,A*02:01
CAWSETGLGMGGWQF,EEYLKAWTF,0,B*44:05
CAWSETGLGMGGWQF,YQFGPDFPIA,0,A*02:01
CAWSETGLGMGGWQF,ALWGPDPAAA,0,A*02:01
CAWSETGLGMGGWQF,ESDPIVAQY,0,A*01:01
CAWSETGLGMGGWQF,RYPLTLGWCF,0,A*24:02
CAWSETGLGMGGWQF,FEDLRVLSF,0,B*37:01
CAWSETGLGMGGWQF,LLFGKPVYV,0,A*02:01
CASSMSAMGTEAFF,AAGIGILTV,0,A*02:01
CASSMSAMGTEAFF,ELAGIGILTV,0,A*02
CASSMSAMGTEAFF,ELAGIGALTV,0,A*02
CASSMSAMGTEAFF,EEYLKAWTF,0,B*44:05
CASSMSAMGTEAFF,SLFNTIAVL,0,A*02:01
CASSMSAMGTEAFF,LGYGFVNYI,0,A*02:01
CASSMSAMGTEAFF,LPEPLPQGQLTAY,0,B*35:08
CASSMSAMGTEAFF,SLLMWITQC,0,A*02:01
CASSMSAMGTEAFF,EVDPIGHLY,0,A*01:01
CASSMSAMGTEAFF,RFPLTFGWCF,0,A*24:02
